<addon id="plugin.audio.piratearchive" name="Pirate Archive" version="1.0.0" provider-name="YourName">
    <extension point="xbmc.python.pluginsource" library="addon.py">
        <provides>audio</provides>
    </extension>
    <extension point="xbmc.addon.metadata">
        <summary lang="en">Pirate Archive Audio Streams</summary>
        <description lang="en">Browse and play audio streams from The Pirate Archive.</description>
        <platform>all</platform>
        <icon>resources/icon.png</icon>
        <fanart>resources/fanart.jpg</fanart>
    </extension>
</addon>

